Name,Phone_1,Location,Area,Governorate,Country,About,Website,Rating,Views,URL
arablocal.com | 520: Web server is returning an unknown error,,,,,Qatar,,,,,https://qatar.arablocal.com/business/view/al-faisal-international-academy-primary
arablocal.com | 520: Web server is returning an unknown error,,,,,Qatar,,,,,https://qatar.arablocal.com/business/view/qatar-technical-institute-qti
arablocal.com | 520: Web server is returning an unknown error,,,,,Qatar,,,,,https://qatar.arablocal.com/business/view/roqaya-preparatory-for-girls-independent-school
arablocal.com | 520: Web server is returning an unknown error,,,,,Qatar,,,,,https://qatar.arablocal.com/business/view/galileo-international-school-muaither
arablocal.com | 520: Web server is returning an unknown error,,,,,Qatar,,,,,https://qatar.arablocal.com/business/view/olive-international-kindergarten-abu-hamour-branch
Amna Bint Wahab Preparatory For Girls School,+974 44870538,"12 Picaddily Cresent Jasim Bin Hamad St, Doha",12 Picaddily Cresent Jasim Bin Hamad St,,Qatar,Amna Bint Wahab Preparatory For Girls School,,0,3584,https://qatar.arablocal.com/business/view/amna-bint-wahab-preparatory-for-girls-school
arablocal.com | 520: Web server is returning an unknown error,,,,,Qatar,,,,,https://qatar.arablocal.com/business/view/etqan-global-academy-1
arablocal.com | 520: Web server is returning an unknown error,,,,,Qatar,,,,,https://qatar.arablocal.com/business/view/iqra-english-boys-school
arablocal.com | 520: Web server is returning an unknown error,,,,,Qatar,,,,,https://qatar.arablocal.com/business/view/brighton-international-academy-qatar
arablocal.com | 520: Web server is returning an unknown error,,,,,Qatar,,,,,https://qatar.arablocal.com/business/view/loyola-international-school-oasis-al-wukair
Rawda Bent Mohammed Secondary School For Girls,+974 44043657,Muhammed,,,Qatar,Rawda Bent Mohammed Secondary School For Girls,,,2852,https://qatar.arablocal.com/business/view/rawda-bent-mohammed-secondary-school-for-girls
arablocal.com | 520: Web server is returning an unknown error,,,,,Qatar,,,,,https://qatar.arablocal.com/business/view/noble-international-school-al-wukair
arablocal.com | 520: Web server is returning an unknown error,,,,,Qatar,,,,,https://qatar.arablocal.com/business/view/hamad-bin-khaled-al-thani-foundation-to-teach-the-koran
Shakespeare International Academy,+974 33138222,"Al Jamiaa St, Doha",Al Jamiaa St,,Qatar,Shakespeare International Academy,http://www.shakespeare.sch.qa,,5041,https://qatar.arablocal.com/business/view/shakespeare-international-academy
Military Secondary School,+974 40281707,City :,,,Qatar,Military Secondary School,http://www.mss.qaf.mil.qa,0,3848,https://qatar.arablocal.com/business/view/military-secondary-school
Umm Al Amad Model Kindergarden For Boys,,"Umm ?al?l 'Al?, Qatar",Umm ?al?l 'Al?,,Qatar,Umm Al Amad Model Kindergarden For Boys,http://www.spainforsale.properties,0,3600,https://qatar.arablocal.com/business/view/umm-al-amad-model-kindergarden-for-boys
American Academy School New Thumama Doha,+974 40206900,"F-Ring Road - New Thumama, Building: 90 Street: 440 Zone: 50 PO Box: 22978, Doha",F-Ring Road - New Thumama,Building: 90 Street: 440 Zone: 50 PO Box: 22978,Qatar,American Academy School New Thumama Doha,http://www.americanacademy.sch.qa,0,3357,https://qatar.arablocal.com/business/view/american-academy-school-new-thumama-doha
Al Iman Secondary Independent School for Girls,,"Doha, Qatar",Doha,,Qatar,Al Iman Secondary Independent School for Girls,http://www.al-imanschool.org,,3325,https://qatar.arablocal.com/business/view/al-iman-secondary-independent-school-for-girls
Olive International School Umm Salal Ali,+974 44171734,Umm ?al?l 'Al?,,,Qatar,Olive International School Umm Salal Ali,http://www.oliveschooldoha.com,,3192,https://qatar.arablocal.com/business/view/olive-international-school-umm-salal-ali
Qish Rehabilitation Center For Special Needs,+974 44118288,"Al Jazira Al Arabiya St, Doha",Al Jazira Al Arabiya St,,Qatar,Qish Rehabilitation Center For Special Needs,http://www.qrcqatar.com,,3065,https://qatar.arablocal.com/business/view/qish-rehabilitation-center-for-special-needs
