Name,Phone_1,Phone_2,Location,Area,Governorate,Country,About,Website,Views,URL
arablocal.com | 520: Web server is returning an unknown error,,,,,,Qatar,,,,https://qatar.arablocal.com/business/view/arabcal-icon-technical-solutions
arablocal.com | 520: Web server is returning an unknown error,,,,,,Qatar,,,,https://qatar.arablocal.com/business/view/al-muftah-group
arablocal.com | 520: Web server is returning an unknown error,,,,,,Qatar,,,,https://qatar.arablocal.com/business/view/al-shoumoukh-tower
arablocal.com | 520: Web server is returning an unknown error,,,,,,Qatar,,,,https://qatar.arablocal.com/business/view/al-mana-group-wll
Al Noof Recruitment Services,+974 44422076,+974 44425869,"Nr Doha Clinic, Al Mergab St, Frij Al Nasr P.O.Box 1282",Nr Doha Clinic,Al Mergab St,Qatar,"Welcome to al noof recruitment service.You'll always find many category of jobs every day as we are the Qatar's biggest recruitment compay. If you are looking for a new job or change you are in the right place. Al noof is the best recruiter on the internet regarding available jobs in Qatar. Our experience and trust, along with the security and simplicity of our website, has ensured us leadership on the world market. So..! find your dream job today! Many companies and institutions are waiting ...",,2566,https://qatar.arablocal.com/business/view/al-noof-recruitment-services
arablocal.com | 520: Web server is returning an unknown error,,,,,,Qatar,,,,https://qatar.arablocal.com/business/view/fba-fahad-bin-abdulla-group-fba-commercial
arablocal.com | 520: Web server is returning an unknown error,,,,,,Qatar,,,,https://qatar.arablocal.com/business/view/al-khouri-manpower-supply-woodland-contg
arablocal.com | 520: Web server is returning an unknown error,,,,,,Qatar,,,,https://qatar.arablocal.com/business/view/al-qayed-holding-group
arablocal.com | 520: Web server is returning an unknown error,,,,,,Qatar,,,,https://qatar.arablocal.com/business/view/aletqan-manpower
arablocal.com | 520: Web server is returning an unknown error,,,,,,Qatar,,,,https://qatar.arablocal.com/business/view/al-alee-support-services
arablocal.com | 520: Web server is returning an unknown error,,,,,,Qatar,,,,https://qatar.arablocal.com/business/view/qnie-qatar-national-import-and-export-co
Barcode bar and lounge doha,+974 55220424,,"Near Qatar Islamic Museum?, Ras Abu Abboud St, Doha",Near Qatar Islamic Museum?,Ras Abu Abboud St,Qatar,Barcode bar and lounge doha,,1870,https://qatar.arablocal.com/business/view/barcode-bar-and-lounge-doha
arablocal.com | 520: Web server is returning an unknown error,,,,,,Qatar,,,,https://qatar.arablocal.com/business/view/global-food-trading-co
arablocal.com | 520: Web server is returning an unknown error,,,,,,Qatar,,,,https://qatar.arablocal.com/business/view/al-emadi-business-center
arablocal.com | 520: Web server is returning an unknown error,,,,,,Qatar,,,,https://qatar.arablocal.com/business/view/mohmmed-hamad-al-mana-group
arablocal.com | 520: Web server is returning an unknown error,,,,,,Qatar,,,,https://qatar.arablocal.com/business/view/al-derbasti-group
Al Misnad Services,+974 44117888,,"Doha, Qatar",Doha,,Qatar,Al Misnad Services,http://www.almisnadservices.com,4394,https://qatar.arablocal.com/business/view/al-misnad-services
Nys Enterprises Ltd,+974 33047161,,"Al Rawabi Street Building 18, Office 215, Doha",Al Rawabi Street Building 18,Office 215,Qatar,Nys Enterprises Ltd,http://www.nysenterprises.ca,3482,https://qatar.arablocal.com/business/view/nys-enterprises-ltd
Al Sial Manpower Recruitment,+974 44476467,+974 44428319,"Al Aziziya St, Doha, Qatar P.O.Box 202283",Al Aziziya St,Doha,Qatar,Al Sial Manpower Recruitment,http://www.alsialgroup.com,2939,https://qatar.arablocal.com/business/view/al-sial-manpower-recruitment
Al Raed Fresh Foods Processing Company,+974 33841560,,"Roundabout, Ar-Rayyan, Qatar",Roundabout,Ar-Rayyan,Qatar,Al Raed Fresh Foods Processing Company,http://www.alraedfresh.com,2648,https://qatar.arablocal.com/business/view/al-raed-fresh-foods-processing-company
ECCO GULF WLL,+974 44462600,,"P.O. BOX 22466 DOHA, QATAR",P.O. BOX 22466 DOHA,,Qatar,ECCO GULF WLL,http://WWW.AAMAL.COM.QA,2627,https://qatar.arablocal.com/business/view/ecco-gulf-wll
KHEIRA HOLDING WLL,+974 44501338,,"St. 29, Bldg. 164, Zone 81, Al Maha Commercial Complex 1st Floor, Office no. C10, P.O. Box: 10815, New Industrial Area",St. 29,P.O. Box: 10815,Qatar,"Kheira Holding is a diversified Holding company that combines capital, innovation and exceptional services that are managed by our team of experts in their respective fields, directed to exceed customer expectations and deliver superior products and services. we manages businesses in different sectors throughout Qatar.",http://www.kheiraholding.com/,2556,https://qatar.arablocal.com/business/view/kheira-holding-wll
General Electric Company,+974 44242333,,"Al Kinan St, Doha, Qatar",Al Kinan St,Doha,Qatar,General Electric Company,http://www.ge.com,2337,https://qatar.arablocal.com/business/view/general-electric-company
Penal and Correctional Institutions Department,+974 44695777,,Al Rayyan,,,Qatar,Penal and Correctional Institutions Department,http://www.portal.moi.gov.qa,2312,https://qatar.arablocal.com/business/view/penal-and-correctional-institutions-department
Al Nasr Engineering and Construction Services Al Nasr Holding,+974 44184367,,"Street 24, Salwa Industrial Area P.O.Box 96712",Street 24,,Qatar,Al Nasr Engineering and Construction Services Al Nasr Holding,http://www.alnasrholding.com,2227,https://qatar.arablocal.com/business/view/al-nasr-engineering-and-construction-services-al-nasr-holding
Al Ali Global Company,+974 66782217,,"78, Wadi Al-Mushirb St., Doha/Qatar",78,Wadi Al-Mushirb St.,Qatar,Al Ali Global Company,http://www.alaliglobal.com,2128,https://qatar.arablocal.com/business/view/al-ali-global-company
SGS Qatar W L L,+974 44621660,,"9th Floor, Al Mana Tower, Airport Road, Doha, Qatar",9th Floor,Doha,Qatar,SGS Qatar W L L,http://www.sgs.com,2057,https://qatar.arablocal.com/business/view/sgs-qatar-w-l-l
ALAMODI CENTER Exclusive showroom,,,"Salwa Road,Midmac bridge Near almana Petrol",Salwa Road,,Qatar,ALAMODI CENTER Exclusive showroom,http://www.alamodigroup.qa,2013,https://qatar.arablocal.com/business/view/alamodi-center-exclusive-showroom
Jana International Trading Co,+974 50830449,,"Industrial Area, Ar, Rayyan",Industrial Area,Ar,Qatar,Jana International Trading Co,http://www.janaq8.com,2001,https://qatar.arablocal.com/business/view/jana-international-trading-co
ALAMODI Accounts and Procurement,+974 44822830,,"Salwa Road,Near almana Petrol ,Midmac bridge P.O.Box 304",Salwa Road,Near almana Petrol,Qatar,ALAMODI Accounts and Procurement,http://www.alamodigroup.qa,1909,https://qatar.arablocal.com/business/view/alamodi-accounts-and-procurement
Al Jaber Group,+974 44375940,+974 44372551,"Al Jaber Tower, Museum St, Corniche P.O.Box 22628",Al Jaber Tower,Museum St,Qatar,Al Jaber Group,http://www.aljaberqatar.com,2370,https://qatar.arablocal.com/business/view/al-jaber-group
Helpline Hr Recruitment Consultants Agency In Qatar Hr Policies And Procedures,+974 30252440,,"no.8, Building no, Opp.?Qatar, Navigation Plaza, 1st floor, Office, 153 C Ring Rd, Doha",no.8,153 C Ring Rd,Qatar,Helpline Hr Recruitment Consultants Agency In Qatar Hr Policies And Procedures,http://www.helplinehrconsulting.com,1741,https://qatar.arablocal.com/business/view/helpline-hr-recruitment-consultants-agency-in-qatar-hr-policies-and-procedures
AlJabor Group Holdings,+974 44445501,,"238 C Ring Road, Door 1 Level 2? Doha, Qatar",238 C Ring Road,Door 1 Level 2? Doha,Qatar,AlJabor Group Holdings,http://www.aljabor.com,1728,https://qatar.arablocal.com/business/view/aljabor-group-holdings
Al Hamad Trading Est,+974 44688220,,"Al Mana Business Centre-4, Bldg. No.151, Street 995, Zone 56, Wholesale Market, Abu Hamour, P.O. Box: 22577, Qatar",Al Mana Business Centre-4,P.O. Box: 22577,Qatar,Al Hamad Trading Est,http://www.alhamadtrading.com,1704,https://qatar.arablocal.com/business/view/al-hamad-trading-est
Al Riyadh Trading and Contracting Co Wll,+974 44435229,+974 44428334,"15 - B Ring Rd, Doha qatar P.O.Box 1174 DOHA",15 - B Ring Rd,,Qatar,Al Riyadh Trading and Contracting Co Wll,http://www.almaadeedgroup.com,1671,https://qatar.arablocal.com/business/view/al-riyadh-trading-and-contracting-co-wll
