Name,Phone_1,Phone_2,Email,Location,Area,Governorate,Country,About,Website,Rating,Views,URL,Twitter
arablocal.com | 520: Web server is returning an unknown error,,,,,,,Qatar,,,,,https://qatar.arablocal.com/business/view/ags-relocations,
Alta Vista Real Estate And Trading,+974 30322712,,,"Street 38, Doha",Street 38,,Qatar,Alta Vista Real Estate And Trading,,,2974,https://qatar.arablocal.com/business/view/alta-vista-real-estate-and-trading,
arablocal.com | 520: Web server is returning an unknown error,,,,,,,Qatar,,,,,https://qatar.arablocal.com/business/view/trans-orient-air-cargo,
arablocal.com | 520: Web server is returning an unknown error,,,,,,,Qatar,,,,,https://qatar.arablocal.com/business/view/al-arabia-land-transporting-wll,
arablocal.com | 520: Web server is returning an unknown error,,,,,,,Qatar,,,,,https://qatar.arablocal.com/business/view/aero-freight-company-ltd,
arablocal.com | 520: Web server is returning an unknown error,,,,,,,Qatar,,,,,https://qatar.arablocal.com/business/view/vista-cargo,
Delma Freight Services,+974 44326992,,,"P.O. Box: 6444, Souq Khalid, Airport Rd",P.O. Box: 6444,Souq Khalid,Qatar,Delma Freight Services,,0,1808,https://qatar.arablocal.com/business/view/delma-freight-services,
arablocal.com | 520: Web server is returning an unknown error,,,,,,,Qatar,,,,,https://qatar.arablocal.com/business/view/air-link-intl-qatar-wll,
arablocal.com | 520: Web server is returning an unknown error,,,,,,,Qatar,,,,,https://qatar.arablocal.com/business/view/ability-logistics-and-transport-wll,
arablocal.com | 520: Web server is returning an unknown error,,,,,,,Qatar,,,,,https://qatar.arablocal.com/business/view/desert-convoy-transport,
arablocal.com | 520: Web server is returning an unknown error,,,,,,,Qatar,,,,,https://qatar.arablocal.com/business/view/scorpion-logistics-wll,
Al Abdulla Trading and Contracting Co,+974 44418494,+974 55093010,,"Building No :4, Shop No :3,B- Ring Road, Doha P.O.Box 30862",Building No :4,B- Ring Road,Qatar,Al Abdulla Trading and Contracting Co,,,3186,https://qatar.arablocal.com/business/view/al-abdulla-trading-and-contracting-co,
Crown Movers Wll,+974 44621115,,,"4Th Flr, Abdulla Bin Thani Bldg - 5, Umm Ghuwalina P.O.Box 9434",4Th Flr,Abdulla Bin Thani Bldg - 5,Qatar,Crown Movers Wll,http://www.crownrelo.com,,2777,https://qatar.arablocal.com/business/view/crown-movers-wll,
Alfa One Cargo Wll,+974 44325780,,,Gold Souq P.O.Box 32373,,,Qatar,Alfa One Cargo Wll,http://www.alfaonegroup.net,0,2881,https://qatar.arablocal.com/business/view/alfa-one-cargo-wll,
Almuftah Cargo and Logistics,+974 44111188,,,Al Sadd P.O.Box 875,,,Qatar,"Almuftah Cargo was founded in 2014 as a response to the increased demand in the logistics market of Qatar. We cater to a wide range of needs, from consumer cargo service to business requirements in a timely manner. We are able to deliver different logistical solutions for you, including for land, sea and air freight, as well as logistics solutions like clearance, delivery, warehousing, and projects cargo.We aim to provide you with a wide range of logistics solutions, whether the requirement i...",http://www.almuftahcargo.com,0,2428,https://qatar.arablocal.com/business/view/almuftah-cargo-and-logistics,
Budget Qatar Cargo WLL,+974 66461856,,,"Hiteen St, Doha, Qatar",Hiteen St,Doha,Qatar,Budget Qatar Cargo WLL,http://www.budgetcargo.net,,2414,https://qatar.arablocal.com/business/view/budget-qatar-cargo-wll,
Schenker Logistics WLL,+974 44995755,,,"Transworld Tower 2, Al Aaliya St, Doha, Qatar P.O.Box 21819",Transworld Tower 2,Doha,Qatar,Schenker Logistics WLL,http://www.dbschenker.com,0,2164,https://qatar.arablocal.com/business/view/schenker-logistics-wll,
Al Sheikh Logistics and Heavy Equipment Rental Al Sheikh Transport and Cargo Svcs Wll,+974 919886644980,+974 40376076,,"C Ring Rd / St 48, St 52 Indl Area / C-27, 1St Flr Banaswadi Main Rd Kalyan Nagar, Bangalore P.O.Box 12715",C Ring Rd / St 48,1St Flr Banaswadi Main Rd Kalyan Nagar,Qatar,"The Firm of Al Sheikh Transport was founded in 2002 and ranks amongst the leading transport provider in Doha-Qatar. Since inception, the core business has been Logistics and Heavy Equipment Rental (ASLR) services.The Management of the group has always been under the personal care of its all its Directors, who enjoy an excellent rapport with the business community and Service Provider Industry as well as local authorities.",http://www.alsheikhlogistics.com ^ www.alsheikhtransport.com ^ www.dslineshipping.com,,2111,https://qatar.arablocal.com/business/view/al-sheikh-logistics-and-heavy-equipment-rental-al-sheikh-transport-and-cargo-svcs-wll,
Aramex,+974 44200100,+974 44200111,,"Al Ali Bldg, Next To Q I C Bldg, Wholesale Market St P.O.Box 23151",Al Ali Bldg,Next To Q I C Bldg,Qatar,,http://www.aramex.com,,2021,https://qatar.arablocal.com/business/view/aramex,http://www.aramex.com
Kgl Cargo Qatar Wll,+974 44550585,+974 44554707,infoqatar@kgllogistics.com,"P.O.Box 22419, Doha - Qatar",P.O.Box 22419,,Qatar,Kgl Cargo Qatar Wll,http://www.kgllogistics.com,0,1953,https://qatar.arablocal.com/business/view/kgl-cargo-qatar-wll,
Affinity Logistics Co Wll,+974 44677884,+974 44569911,,"Al Hail Bldg, Airport Rd P.O.Box 23608",Al Hail Bldg,,Qatar,Affinity Logistics Co Wll,http://www.affinitylog.com,,1886,https://qatar.arablocal.com/business/view/affinity-logistics-co-wll,
Blooming Heights Llc,+974 44652086,,,"2Nd Flr, Al Ahli Bank, Nr Landmark Mall P.O.Box 23825",2Nd Flr,Al Ahli Bank,Qatar,"Blooming Heights L.L.C (BHL) is a trading, contracting and transport company that has been in Qatar since 2009. Blooming Heights is sister company to Redco Construct Pakistan Pvt. Ltd., which has been in the construction and trading business in Pakistan for over 25 years.",http://www.bhl.qa,,1950,https://qatar.arablocal.com/business/view/blooming-heights-llc,
Ecu Line Doha Wll Ecu Worldwide,+974 44438464,+974 44436765,,"Office 7-A/1, 7Th Flr, Almana Tower, Airport Rd P.O.Box 24064",Office 7-A/1,Almana Tower,Qatar,Ecu Line Doha Wll Ecu Worldwide,http://www.eculine.net ^ www.ecuworldwide.com,,1871,https://qatar.arablocal.com/business/view/ecu-line-doha-wll-ecu-worldwide,
Gulf Worldwide Express Skynet,+974 97142826555,+974 50343041,,"P.O. Box: 31135, B Ring Rd",P.O. Box: 31135,,Qatar,Gulf Worldwide Express Skynet,http://www.skynetworldwide.net,0,1785,https://qatar.arablocal.com/business/view/gulf-worldwide-express-skynet,
Arabia House IntL Trprt Est,+974 55530299,+974 44500359,,"2Nd Flr, Al Jazeera Exchange, St 29, Al Kassarat St, Ind Area P.O.Box 23991",2Nd Flr,Al Kassarat St,Qatar,Arabia House IntL Trprt Est,http://www.arabiahousetransport.com,,1704,https://qatar.arablocal.com/business/view/arabia-house-intl-trprt-est,
Draieh Logistic Services Co Wll,+974 44447387,+974 44447513,,"Al Sadd Mosque, Ibn Umayah St, Doha, Qatar P.O.Box 5113",Al Sadd Mosque,Doha,Qatar,Draieh Logistic Services Co Wll,http://www.damacgroup.com,,1628,https://qatar.arablocal.com/business/view/draieh-logistic-services-co-wll,
